﻿<?xml version="1.0" encoding="utf-8" ?>
<Mapping>
	<Project>
		<Fields>
			<Field Source="Project Name" Target="PROJ_NAME"/>
			
			<Field Source="Enterprise Project Type Guid" Target="ENTERPRISE_PROJECT_TYPE_UID"/>
			<Field Source="Enterprise Project Type" Target="ENTERPRISE_PROJECT_TYPE_NAME"/>
			<!--<Field Source="Project Phase" Target="PHASE_UID"/>-->
			<Field Source="Owner" Target="ProjectOwnerID" IsResourceColumn="true" MapStringToGuid="true"/>
			<Field Source="Project Type" Target="PROJ_TYPE"/>
			<Field Source="Project Category" Target="PROJ_PROP_CATEGORY"/>
			

		</Fields>
		<CustomFields>
      <!--<Field Source="Project ID" Target="Project ID"/>
			<Field Source="Initiative" Target="Initiative"/>
      <Field Source="Project Phase" Target="Project Phase"/>
			<Field Source="Parallon Client" Target="Parallon Client"/>
			<Field Source="Corporate or Divisional Strategy" Target="Corporate or Divisional Strategy"/>
			<Field Source="Condition" Target="Condition"/>
      <Field Source="Project Department" Target="Project Departments"/>
			<Field Source="Functional Area" Target="Functional Area"/>
			<Field Source="Line of Business" Target="Line of Business"/>
      <Field Source="HCA Customer" Target="HCA Customer"/>
      <Field Source="Business Owner" Target="Business Owner"/>
			<Field Source="Parent Program" Target="Parent Program"/>
			<Field Source="Project Category" Target="Project Category"/>
			<Field Source="Service Line" Target="Service Line"/>
			<Field Source="Overall Status Commentary" Target="Overall Status Commentary"/>
			<Field Source="Parallon Line of Business" Target="Parallon Line of Business"/>
			<Field Source="Parallon Functional Area" Target="Parallon Functional Area"/>
			<Field Source="Parallon Product Line" Target="Parallon Product Line"/>
			<Field Source="Parallon Project Category" Target="Parallon Project Category"/>
			<Field Source="Project Sponsor" Target="Project Sponsor" IsResourceColumn="true"/>
			<Field Source="Go Live Date" Target="Go Live Date"/>
			<Field Source="Location" Target="Location"/>
			<Field Source="Project Active Status" Target="Project Active Status"/>-->
			
		</CustomFields>
		
	</Project>
	<Task>
		<Fields>
			<Field Source="Task" Target="TASK_NAME"/>
			<Field Source="Start" Target="TASK_START_DATE"/>
			<Field Source="Finish" Target="TASK_FINISH_DATE"/>
			<Field Source="Actual Start" Target="TASK_ACT_START"/>
			<Field Source="Actual Finish" Target="TASK_ACT_FINISH"/>
			<Field Source="Milestone" Target="TASK_IS_MILESTONE"/>
			<Field Source="Status Manager" Target="StatusManager" IsResourceColumn="true" MapStringToGuid="true"></Field>
		</Fields>
		<CustomFields>
			<!--<Field Source="Revised Finish Date" Target="Revised Finish Date"/>
			<Field Source="Deliverable" Target="Deliverable Flag"/>
			<Field Source="Responsible Party" Target="Responsible Party"/>-->
		</CustomFields>
	</Task>
	<Assignment>
		<Fields>
			<Field Source="Resource Name" Target="RES_NAME"/>
		</Fields>
		
	</Assignment>

	<ProjectResource>
		<Fields>
			<Field Source="Project UID" Target="PROJ_UID"/>
			<Field Source="RES UID" Target="RES_UID"/>
		</Fields>
	</ProjectResource>
</Mapping>